City,Cloudiness (%),Country,Date Updated,Humidity (%),Latitude,Longitude,Max Temperature (F),Wind Speed (mph)
San Carlos de Bariloche,0,AR,1536955200,18,-41.13,-71.31,62.6,24.16
Praia,90,CV,1536955200,88,14.92,-23.51,78.8,11.41
Lavrentiya,100,RU,1536958319,93,65.58,-170.99,49.1,21.07
Nantucket,1,US,1536956100,68,41.28,-70.1,75.92,10.29
Charters Towers,0,AU,1536958320,88,-20.07,146.27,55.22,2.73
Atuona,92,PF,1536958320,100,-9.8,-139.03,76.64,18.5
Dikson,76,RU,1536958320,99,73.51,80.55,39.2,10.33
Bayan,5,KW,1536955200,42,29.3,48.05,84.2,5.82
Butaritari,64,KI,1536958320,100,3.07,172.79,84.92,11.23
Altamont,1,US,1536957300,52,37.19,-95.3,91.4,4.7
Mar del Plata,20,AR,1536958137,37,-46.43,-67.52,63.41,26.33
Tomatlan,64,MX,1536958321,86,19.93,-105.25,80.33,5.97
Tautira,20,PF,1536957000,58,-17.73,-149.15,86.0,5.82
New Norfolk,0,AU,1536957000,44,-42.78,147.06,59.0,17.22
Sabang,20,ID,1536958321,100,1.17,120.82,82.31,5.75
Emerald,0,AU,1536958321,93,-23.53,148.16,58.64,4.41
Musafirkhana,0,IN,1536958321,86,26.37,81.8,77.54,3.06
Bluff,12,NZ,1536958322,87,-46.6,168.33,54.41,16.6
Cidreira,92,BR,1536958322,98,-30.17,-50.22,62.15,14.14
Bubaque,20,GW,1536955200,88,11.28,-15.83,80.6,4.7
Jamestown,0,SH,1536958322,100,-15.94,-5.72,68.09,14.14
Avarua,75,CK,1536955200,69,-21.21,-159.78,73.4,10.29
Rikitea,76,PF,1536958322,100,-23.12,-134.97,72.05,4.97
Korfovskiy,0,RU,1536955200,100,48.22,135.06,50.0,2.24
Bambous Virieux,20,MU,1536955200,73,-20.34,57.76,71.6,9.17
Athabasca,88,CA,1536958169,76,54.72,-113.29,40.37,4.63
Hamilton,40,BM,1536954900,74,32.3,-64.78,82.4,16.11
Phan Thiet,92,VN,1536958289,100,10.93,108.1,75.74,8.77
Praia da Vitoria,20,PT,1536955200,78,38.73,-27.07,75.2,11.68
Ust-Omchug,0,RU,1536958324,73,61.13,149.63,23.09,2.39
Hermanus,12,ZA,1536958324,96,-34.42,19.24,47.12,3.18
Leningradskiy,80,RU,1536958325,89,69.38,178.42,44.06,24.32
Carballo,20,ES,1536957000,88,43.21,-8.69,64.4,5.82
Bredasdorp,0,ZA,1536955200,87,-34.53,20.04,53.6,8.05
Maxixe,0,MZ,1536958325,96,-23.86,35.35,71.15,14.47
Yorosso,44,ML,1536958325,67,12.35,-4.78,79.07,2.73
Grindavik,20,IS,1536955200,81,63.84,-22.43,46.4,13.87
Port Alfred,0,ZA,1536958325,88,-33.59,26.89,63.32,16.04
Lafia,88,NG,1536958326,91,8.5,8.51,74.75,4.97
Sal Rei,40,CV,1536955200,83,16.18,-22.92,80.6,12.75
Ancud,76,CL,1536958326,79,-41.87,-73.83,50.81,5.75
Ampanihy,12,MG,1536958326,94,-24.69,44.75,61.34,4.52
Bethel,90,US,1536956280,80,60.79,-161.76,62.06,9.17
Qaanaaq,76,GL,1536958327,100,77.48,-69.36,27.5,1.39
Quatre Cocos,20,MU,1536955200,73,-20.21,57.76,71.6,9.17
Viedma,0,AR,1536958328,32,-40.81,-62.99,75.74,13.69
Iqaluit,40,CA,1536955200,44,63.75,-68.52,39.2,4.7
Clyde River,75,CA,1536955200,64,70.47,-68.59,37.4,6.93
Hithadhoo,64,MV,1536958329,100,-0.6,73.08,79.97,10.56
Dera Bugti,0,PK,1536958329,69,29.03,69.15,77.18,3.51
Catuday,92,PH,1536958329,100,16.29,119.81,76.37,30.13
Saint-Francois,88,GP,1536955200,88,16.25,-61.27,75.2,8.05
Te Anau,48,NZ,1536958050,80,-45.41,167.72,50.54,11.01
Ushuaia,75,AR,1536955200,80,-54.81,-68.31,41.0,13.87
Carnarvon,0,AU,1536958330,83,-24.87,113.63,63.77,22.3
Ribeira Grande,40,PT,1536955200,78,38.52,-28.7,75.2,12.75
Gigmoto,92,PH,1536958330,100,13.78,124.39,78.53,28.34
Hilo,40,US,1536954960,65,19.71,-155.08,84.02,9.17
La Ronge,90,CA,1536955200,60,55.1,-105.3,41.0,11.41
Provideniya,92,RU,1536958330,94,64.42,-173.23,50.09,15.7
San Patricio,40,MX,1536954000,79,19.22,-104.7,84.2,17.22
Moultonborough,1,US,1536956100,43,43.76,-71.4,80.96,8.05
Barrow,75,US,1536957300,47,39.51,-90.4,89.06,3.36
Atar,0,MR,1536958331,28,20.52,-13.05,87.62,6.76
Axim,44,GH,1536958331,100,4.87,-2.24,75.56,11.12
Tura,12,RU,1536958332,91,64.27,100.22,26.78,3.74
Georgetown,68,SH,1536958333,100,-7.93,-14.42,76.1,19.39
Saint-Philippe,75,RE,1536955200,77,-21.36,55.77,69.8,4.7
Kavieng,44,PG,1536958333,100,-2.57,150.8,81.32,8.66
Yellowknife,90,CA,1536955200,64,62.45,-114.38,33.8,11.41
Nzerekore,68,GN,1536958334,96,7.76,-8.82,71.24,4.74
Tuktoyaktuk,75,CA,1536955200,100,69.44,-133.03,32.0,3.36
Hobart,0,AU,1536957000,44,-42.88,147.33,59.0,17.22
Kandiari,0,PK,1536958334,65,26.92,68.52,81.86,14.7
Albany,0,AU,1536958334,87,-35.02,117.88,36.05,5.64
Henties Bay,0,NA,1536958334,97,-22.12,14.28,55.4,6.31
Castro,76,CL,1536958334,82,-42.48,-73.76,50.36,5.53
Lagoa,20,PT,1536957000,83,37.14,-8.45,73.4,5.82
Coroisanmartin,88,RO,1536957000,82,46.4,24.6,62.6,3.36
Urucara,12,BR,1536958059,47,-2.54,-57.76,91.4,4.41
Chokurdakh,68,RU,1536958335,96,70.62,147.9,37.22,9.44
Davila,92,PH,1536958335,100,18.47,120.58,79.16,48.92
Atocha,0,BO,1536958335,11,-20.93,-66.22,56.57,13.24
Chumikan,24,RU,1536958335,100,54.72,135.31,45.59,3.4
Pevek,92,RU,1536958335,96,69.7,170.27,46.04,7.99
Spijkenisse,75,NL,1536956700,72,51.85,4.33,64.4,11.41
Cape Town,40,ZA,1536955200,87,-33.93,18.42,57.2,3.36
Vaini,90,TO,1536955200,78,-21.2,-175.2,71.6,11.41
Bahar,0,IR,1536958337,66,34.91,48.44,52.97,3.18
Thompson,75,CA,1536955200,52,55.74,-97.86,44.6,9.17
Pangkalanbuun,8,ID,1536958337,88,-2.68,111.62,69.53,4.74
Deputatskiy,76,RU,1536958337,97,69.3,139.9,31.1,3.4
Rio Gallegos,20,AR,1536955200,25,-51.62,-69.22,64.4,32.21
Mount Gambier,92,AU,1536958120,100,-37.83,140.78,45.86,11.34
Cody,1,US,1536954960,38,44.53,-109.06,66.02,10.29
Saint-Augustin,20,CA,1536955200,51,45.63,-73.98,82.4,5.82
Kapaa,40,US,1536954960,81,22.08,-159.32,82.94,18.34
Punta Arenas,75,CL,1536955200,66,-53.16,-70.91,51.8,24.16
Pisco,90,PE,1536955200,30,-13.71,-76.2,71.6,9.17
Tasiilaq,92,GL,1536954600,86,65.61,-37.64,41.0,2.24
San Cristobal,92,EC,1536958339,100,-1.02,-79.44,64.04,2.62
Gayeri,64,BF,1536958339,81,12.65,0.49,75.74,5.75
Canico,40,PT,1536957000,73,32.63,-16.85,71.6,5.82
Port Macquarie,0,AU,1536957300,100,-31.43,152.91,51.8,11.01
Kandila,40,GR,1536956400,94,34.99,24.98,69.8,5.82
Walvis Bay,0,NA,1536958340,100,-22.95,14.51,57.2,11.23
Moron,0,MN,1536958340,67,47.38,110.32,24.62,6.42
Narsaq,75,GL,1536954600,70,60.91,-46.05,42.8,2.24
Busselton,0,AU,1536958341,100,-33.64,115.35,47.39,9.44
At-Bashi,20,KG,1536958341,91,41.17,75.81,31.37,2.17
Chapais,40,CA,1536955200,50,49.78,-74.86,78.8,12.75
Soyo,0,AO,1536958342,85,-6.13,12.37,72.68,6.2
Marsa Matruh,20,EG,1536955200,65,31.35,27.25,77.0,10.29
Marathon,90,US,1536954960,75,42.44,-76.03,78.08,4.7
Kaeo,36,NZ,1536958342,86,-35.1,173.78,55.04,4.18
Khatanga,0,RU,1536958342,74,71.98,102.47,28.67,3.18
Kayerkan,56,RU,1536958342,75,69.35,87.76,35.78,11.68
Tazovskiy,88,RU,1536958342,93,67.47,78.7,37.04,12.8
Oistins,40,BB,1536955200,74,13.07,-59.53,86.0,16.11
Bay Roberts,90,CA,1536956460,100,47.58,-53.28,48.2,5.82
Cabo San Lucas,40,MX,1536954000,58,22.89,-109.91,89.6,8.05
Yashkul,44,RU,1536958343,66,46.17,45.34,69.17,11.9
Kiunga,92,PG,1536958343,99,-6.12,141.3,71.69,2.62
Hokitika,0,NZ,1536958343,100,-42.72,170.96,50.36,4.41
Xining,92,CN,1536958343,98,36.62,101.77,37.67,2.39
Saint George,40,BM,1536954900,74,32.38,-64.68,82.4,16.11
Dudinka,56,RU,1536958272,68,69.41,86.18,35.06,12.24
Cherskiy,100,RU,1536958344,91,68.75,161.3,42.44,7.2
Augusto Correa,0,BR,1536958345,65,-1.02,-46.63,83.12,11.01
Bosaso,0,SO,1536958345,96,11.28,49.18,85.73,2.51
Warrnambool,92,AU,1536958345,100,-38.38,142.48,51.08,17.27
Bedesa,44,ET,1536958346,94,8.9,40.78,58.37,2.51
Boguchany,92,RU,1536958346,96,58.38,97.46,45.95,8.43
Kyren,0,RU,1536958346,80,51.68,102.13,25.97,3.4
Chuy,88,UY,1536958346,92,-33.69,-53.46,61.61,12.12
Okhotsk,0,RU,1536958346,100,59.36,143.24,41.36,2.39
Merida,44,ES,1536958220,87,38.92,-6.34,64.94,7.2
Zuwarah,0,LY,1536958347,90,32.93,12.08,79.52,8.21
College,1,US,1536955080,40,64.86,-147.8,54.5,9.17
Sao Felix do Xingu,36,BR,1536958347,64,-6.64,-51.99,84.2,3.62
Necochea,0,AR,1536958347,58,-38.55,-58.74,66.47,7.65
Vao,92,NC,1536958347,100,-22.67,167.48,68.27,14.7
Benidorm,20,ES,1536957000,78,38.54,-0.13,77.0,8.05
Upernavik,64,GL,1536958347,100,72.79,-56.15,36.41,5.3
Saint-Joseph,75,RE,1536955200,77,-21.37,55.62,69.8,4.7
North Myrtle Beach,90,US,1536956160,97,33.83,-78.68,75.92,28.86
Manzanillo,40,MX,1536954000,79,19.05,-104.32,84.2,17.22
Alto Longa,24,BR,1536958180,25,-5.25,-42.21,93.74,6.2
Kahului,40,US,1536954840,65,20.89,-156.47,86.0,26.4
Kidal,0,ML,1536958349,28,18.44,1.41,80.33,4.18
Lorengau,76,PG,1536958349,100,-2.02,147.27,78.71,5.53
Ostrovnoy,0,RU,1536958349,93,68.05,39.51,44.78,10.78
Pacific Grove,1,US,1536957300,31,36.62,-121.92,77.0,5.82
Rantepao,48,ID,1536958350,100,-2.97,119.9,62.06,1.61
Faanui,88,PF,1536958350,100,-16.48,-151.75,79.7,14.36
Mahebourg,20,MU,1536955200,73,-20.41,57.7,71.6,9.17
Nikolskoye,0,RU,1536955200,82,59.7,30.79,55.4,11.18
Vilhena,0,BR,1536955200,69,-12.74,-60.15,77.0,9.17
Floro,92,NO,1536956400,76,61.6,5.03,50.0,14.99
Vestmannaeyjar,0,IS,1536958351,92,63.44,-20.27,46.76,3.74
Tahoua,68,NE,1536958351,74,14.89,5.26,77.54,7.31
Kurovskoye,0,RU,1536955200,87,55.58,38.92,46.4,4.47
Burgas,0,BG,1536957000,72,42.49,27.45,68.0,5.82
Pangai,75,TO,1536955200,100,-19.8,-174.35,71.6,18.34
Yar-Sale,88,RU,1536958352,99,66.83,70.83,49.28,8.32
Kodiak,20,US,1536954780,54,39.95,-94.76,89.96,11.41
Keningau,75,MY,1536957000,94,5.33,116.16,75.2,5.82
Saldanha,44,ZA,1536955200,93,-33.01,17.94,55.4,5.82
Visnes,80,NO,1536956400,66,59.36,5.22,53.6,19.46
Beringovskiy,88,RU,1536958352,100,63.05,179.32,51.26,12.68
Mackenzie,1,CA,1536955200,33,55.34,-123.09,46.4,13.87
Vanavara,68,RU,1536958353,95,60.35,102.28,27.59,3.96
Los Llanos de Aridane,8,ES,1536957000,88,28.66,-17.92,75.2,6.93
Muroto,76,JP,1536958354,100,33.37,134.14,71.96,2.39
Puerto Ayora,75,EC,1536955200,61,-0.74,-90.35,78.8,18.34
Santa Cruz,40,CR,1536955200,66,10.26,-85.58,87.8,14.99
Balassagyarmat,0,HU,1536957000,77,48.08,19.29,64.4,4.07
Port Moresby,75,PG,1536955200,94,-9.47,147.16,77.0,9.17
Lebu,0,CL,1536958355,100,-37.62,-73.65,51.89,20.18
Teruel,0,ES,1536957000,83,40.34,-1.11,71.6,3.36
Chicama,75,PE,1536955200,77,-7.84,-79.15,66.2,14.99
Barabash,40,RU,1536955200,100,43.19,131.5,59.0,2.24
Makakilo City,40,US,1536955020,59,21.35,-158.09,84.92,12.75
Tvoroyri,80,FO,1536956400,93,61.56,-6.81,44.6,3.36
Anaconda,1,US,1536954780,5,46.13,-112.94,64.04,5.82
Polunochnoye,32,RU,1536958356,74,60.87,60.43,51.8,11.45
Vigrestad,75,NO,1536956400,76,58.57,5.7,51.8,14.99
Changde,92,CN,1536958356,83,29.04,111.68,74.84,5.41
Kruisfontein,0,ZA,1536958356,92,-34.0,24.73,59.9,17.27
Lebedinyy,88,RU,1536958356,100,58.52,125.52,38.03,2.39
Arraial do Cabo,75,BR,1536955200,68,-22.97,-42.02,71.6,18.34
Coquimbo,90,CL,1536955200,81,-29.95,-71.34,53.6,8.05
Sinazongwe,0,ZM,1536958357,62,-17.26,27.46,68.18,2.39
Kaniama,24,CD,1536958357,82,-7.57,24.18,69.26,1.16
Broome,90,AU,1536957000,100,-17.97,122.23,71.6,3.36
Berlevag,75,NO,1536954600,100,70.86,29.09,48.2,10.29
Rio Claro,20,TT,1536955200,59,10.31,-61.18,89.6,13.87
Qasigiannguit,75,GL,1536954600,64,68.82,-51.19,35.6,4.7
Isangel,92,VU,1536958359,99,-19.55,169.27,75.56,16.37
Cotonou,40,BJ,1536955200,83,6.37,2.43,80.6,11.41
Saskylakh,0,RU,1536958359,76,71.97,114.09,25.7,3.18
Termoli,0,IT,1536958359,84,42.0,14.99,68.18,1.28
Queanbeyan,0,AU,1536957000,100,-35.35,149.23,33.8,3.36
Namibe,92,AO,1536958360,100,-15.19,12.15,65.21,6.31
Clearwater,90,US,1536957300,66,27.97,-82.8,91.94,6.93
Bowen,0,AU,1536955200,100,-20.01,148.25,53.6,15.26
Winnemucca,1,US,1536954960,4,40.97,-117.74,75.02,6.08
Ostersund,0,SE,1536956400,66,63.18,14.64,50.0,8.05
Dunedin,0,NZ,1536958360,71,-45.87,170.5,50.72,5.41
Santa Maria da Vitoria,0,BR,1536958361,31,-13.39,-44.19,83.21,6.2
Port Lincoln,48,AU,1536958361,93,-34.72,135.86,52.52,29.57
Porto Walter,24,BR,1536958361,40,-8.27,-72.74,93.56,0.04
San Juan,40,US,1536956100,65,26.19,-98.16,87.8,4.7
Bonavista,12,CA,1536958362,97,48.65,-53.11,53.87,4.74
Tuatapere,20,NZ,1536958362,77,-46.13,167.69,57.29,18.5
Waipawa,8,NZ,1536958362,79,-39.94,176.59,53.24,4.07
Mocuba,0,MZ,1536958362,64,-16.84,36.99,75.47,5.64
Mnogovershinnyy,88,RU,1536958363,99,53.94,139.92,48.47,1.28
Linjiang,56,CN,1536958363,87,41.81,126.91,52.43,4.63
Uaua,0,BR,1536958363,39,-9.84,-39.48,82.04,11.45
Ornskoldsvik,0,SE,1536956400,93,63.29,18.72,44.6,2.24
Glossa,20,GR,1536956400,94,35.47,23.78,69.8,0.94
Eureka,90,US,1536957600,83,40.8,-124.16,66.2,8.05
Iskateley,88,RU,1536958364,93,67.68,53.15,44.42,6.53
Souillac,20,MU,1536955200,73,-20.52,57.52,71.6,9.17
Sobolevo,24,RU,1536958365,92,54.43,31.9,53.69,3.18
Paamiut,48,GL,1536958365,100,61.99,-49.67,39.29,20.85
Deep River,1,CA,1536955200,69,46.1,-77.49,82.4,5.82
Nelson Bay,0,AU,1536957000,100,-32.72,152.14,50.0,4.7
Salgado,40,BR,1536955200,61,-11.03,-37.48,78.8,11.41
Turbo,75,CO,1536955200,62,8.09,-76.73,89.6,8.05
Ucluelet,90,CA,1536956460,93,48.94,-125.55,53.6,13.87
Vostok,56,RU,1536958366,85,46.45,135.83,46.58,2.73
New Port Richey,90,US,1536957300,66,28.24,-82.72,91.94,6.93
Verkhnevilyuysk,80,RU,1536958366,87,63.45,120.31,37.94,5.75
Ismailia,0,EG,1536958366,76,30.6,32.27,73.58,6.98
Gravdal,92,NO,1536956400,66,59.79,5.78,53.6,19.46
Kurchum,0,KZ,1536958366,87,48.57,83.65,42.89,8.43
Honningsvag,75,NO,1536956400,93,70.98,25.97,48.2,3.36
Nanortalik,56,GL,1536958368,94,60.14,-45.24,39.56,16.82
Vardo,75,NO,1536954600,93,70.37,31.11,48.2,4.7
Gambela,24,ET,1536958368,87,8.25,34.59,59.27,2.39
Vengerovo,8,RU,1536958368,67,55.68,76.74,54.32,12.35
Port Elizabeth,0,ZA,1536958368,100,-33.92,25.57,64.76,26.55
Sao Filipe,36,CV,1536958368,90,14.9,-24.5,79.97,8.99
Novikovo,12,RU,1536958368,57,51.15,37.89,64.22,7.65
Poum,76,NC,1536958369,100,-20.23,164.02,71.78,6.98
Juliaca,20,PE,1536955200,15,-15.49,-70.13,64.4,1.12
Hasaki,90,JP,1536955980,100,35.73,140.83,68.0,3.36
Alofi,75,NU,1536955200,78,-19.06,-169.92,77.0,19.46
Leh,0,IN,1536958369,60,34.16,77.58,13.28,1.61
Santa Cruz de la Palma,8,ES,1536957000,88,28.68,-17.76,75.2,6.93
Pasighat,32,IN,1536958369,77,28.06,95.33,67.37,2.51
Torbay,90,CA,1536956460,100,47.66,-52.73,48.2,5.82
Luau,0,AO,1536958370,77,-10.71,22.22,68.72,2.17
Severo-Kurilsk,76,RU,1536958370,97,50.68,156.12,51.62,7.65
Ranong,92,TH,1536958370,100,9.96,98.62,77.9,13.69
Diffa,8,NE,1536958370,84,13.32,12.61,77.54,2.51
West Plains,20,US,1536954780,49,36.73,-91.85,89.96,3.51
Kargasok,92,RU,1536958370,92,59.06,80.87,50.18,6.98
Pombas,0,CV,1536958371,97,17.15,-25.02,78.89,13.8
Klaksvik,92,FO,1536956400,93,62.23,-6.59,44.6,3.36
Cockburn Town,48,TC,1536958372,98,21.46,-71.14,83.57,15.03
Rivadavia,0,AR,1536958372,42,-31.53,-68.59,72.14,5.53
Betanzos,0,BO,1536958372,40,-19.55,-65.45,58.28,7.65
Coihaique,75,CL,1536955200,62,-45.58,-72.07,51.8,9.17
Vaitape,92,PF,1536958373,100,-16.52,-151.75,76.19,12.24
Hofn,76,IS,1536958373,97,64.25,-15.21,46.4,10.22
Evensk,92,RU,1536958373,100,61.92,159.24,43.88,10.78
Hays,1,US,1536954960,48,38.88,-99.33,91.04,23.04
Sungaipenuh,20,ID,1536958373,96,-2.08,101.38,64.76,1.16
Cabedelo,20,BR,1536955200,65,-6.97,-34.84,78.8,17.22
East London,0,ZA,1536958220,100,-33.02,27.91,66.74,19.84
Katsuura,68,JP,1536958374,97,33.93,134.5,73.49,7.54
Portland,0,AU,1536958374,54,-33.35,149.98,53.06,5.97
Daru,92,PG,1536958374,94,-9.07,143.21,77.36,18.84
Voznesenye,24,RU,1536958374,100,61.02,35.48,53.96,11.79
Peniche,0,PT,1536957000,77,39.36,-9.38,66.2,8.05
Santa Rosalia,5,MX,1536954180,33,28.71,-111.6,104.0,4.7
Ponta do Sol,0,CV,1536958374,97,17.2,-25.09,78.89,13.8
Tilichiki,0,RU,1536958375,86,60.47,166.1,41.36,10.56
Yuncheng,100,CN,1536958375,100,35.03,111.0,63.14,2.73
Kautokeino,88,NO,1536958375,100,69.01,23.04,42.62,4.97
Gimli,68,CA,1536958345,94,50.63,-96.99,64.22,4.18
Mecca,0,SA,1536958375,92,21.43,39.83,77.27,2.39
Sistranda,75,NO,1536956400,93,63.73,8.83,48.2,3.36
Dingle,92,IE,1536958376,99,52.14,-10.27,57.38,17.72
Mildura,0,AU,1536958116,45,-34.18,142.16,57.02,28.9
Amuntai,0,ID,1536958377,89,-2.42,115.25,70.7,2.39
Sitka,0,US,1536958377,47,37.17,-99.65,90.95,16.26
Beidao,100,CN,1536958377,100,34.57,105.89,46.94,6.2
Sambava,44,MG,1536958377,100,-14.27,50.17,73.94,16.04
Takaka,0,NZ,1536958377,78,-40.86,172.81,53.06,3.62
Sorong,36,ID,1536958377,100,-0.86,131.25,77.99,5.97
Rosarito,20,MX,1536954060,41,27.04,-109.91,96.8,3.36
Luanda,40,AO,1536955200,88,-8.83,13.24,71.6,5.82
Gujar Khan,75,PK,1536954900,69,33.26,73.31,80.6,16.11
Lewistown,1,US,1536957300,51,40.39,-90.15,87.08,4.7
Kontagora,88,NG,1536958378,92,10.4,5.47,76.82,3.06
Esperance,56,AU,1536958224,62,-33.86,121.89,47.21,4.63
Mumford,48,GH,1536958378,94,5.26,-0.76,75.29,10.45
Hualmay,12,PE,1536958243,67,-11.1,-77.61,68.9,6.64
Upata,0,VE,1536958378,72,8.02,-62.41,84.02,6.87
Roald,75,NO,1536956400,76,62.58,6.12,50.0,20.8
The Valley,20,AI,1536955200,69,18.22,-63.06,86.0,12.75
Haapiti,20,PF,1536957000,58,-17.57,-149.87,86.0,5.82
Manadhoo,76,MV,1536958379,100,5.77,73.38,82.76,10.22
Catio,76,GW,1536958380,88,11.28,-15.25,78.17,5.75
Mozirje,75,SI,1536957000,100,46.34,14.96,68.0,3.36
Mount Isa,0,AU,1536957000,46,-20.73,139.49,53.6,3.36
Anloga,20,GH,1536955200,88,5.79,0.9,78.8,11.41
Kaabong,68,UG,1536958381,96,3.51,34.14,60.98,1.95
Bilibino,92,RU,1536958382,96,68.06,166.44,45.77,5.75
Aban,92,RU,1536958382,94,56.67,96.06,49.37,19.73
Yarada,32,IN,1536958382,100,17.65,83.27,83.84,11.23
Itarema,0,BR,1536958382,55,-2.92,-39.92,82.85,19.51
Lakheri,0,IN,1536958382,91,25.67,76.19,73.04,6.87
Cayenne,0,GF,1536955200,62,4.94,-52.33,87.8,10.29
Birjand,0,IR,1536955200,24,32.86,59.22,66.2,6.93
Plettenberg Bay,0,ZA,1536958383,100,-34.05,23.37,58.37,13.8
Belaya Gora,88,RU,1536958383,99,68.54,146.19,37.22,4.63
Puerto Escondido,20,MX,1536954120,70,15.86,-97.07,86.0,16.11
Sibolga,64,ID,1536958383,100,1.74,98.78,68.9,0.72
Golden Gate,1,US,1536957300,46,38.36,-88.2,91.4,5.82
Mana,8,GF,1536958383,58,5.67,-53.78,87.08,4.63
Svencionys,0,LT,1536958384,82,55.15,26.17,44.6,1.95
Port Hedland,0,AU,1536957000,93,-20.31,118.58,60.8,4.7
Ormara,100,PK,1536958385,95,25.21,64.64,77.99,5.97
Talaya,36,RU,1536958385,93,55.79,84.89,53.15,13.13
Severo-Yeniseyskiy,92,RU,1536958385,90,60.37,93.04,41.0,3.4
Golspie,20,GB,1536956400,81,57.97,-3.98,50.0,10.29
San Andres,75,CO,1536955200,62,8.22,-76.58,89.6,8.05
Acapulco,75,MX,1536954480,62,16.86,-99.88,89.6,11.41
Beira,0,MZ,1536958386,90,-19.84,34.84,70.52,8.66
Salalah,40,OM,1536954600,88,17.01,54.1,77.0,4.7
Nemuro,0,JP,1536958386,98,43.32,145.57,61.07,2.62
Lompoc,1,US,1536957300,25,34.64,-120.46,84.2,8.05
Bathsheba,40,BB,1536955200,74,13.22,-59.52,86.0,16.11
Mamallapuram,75,IN,1536957000,79,12.63,80.17,84.2,6.93
Malpe,20,IN,1536957000,94,13.35,74.72,75.2,3.36
Ilulissat,75,GL,1536954600,64,69.22,-51.1,35.6,4.7
Le Port,0,RE,1536955200,60,-20.94,55.29,69.8,10.29
Puerto Leguizamo,36,CO,1536958387,80,-0.19,-74.78,79.52,4.74
Avdon,0,RU,1536955200,70,54.67,55.72,48.2,8.95
Rome,1,US,1536957300,41,34.26,-85.16,93.92,6.93
Filotion,0,GR,1536956400,73,37.05,25.5,71.6,2.24
Pochutla,40,MX,1536954120,70,15.74,-96.47,86.0,17.22
Porto Novo,75,CV,1536955200,78,17.02,-25.06,82.4,12.75
Ojinaga,0,MX,1536958388,39,29.57,-104.42,88.16,4.29
Taoudenni,32,ML,1536958389,21,22.68,-3.98,87.26,6.76
Mayya,40,RU,1536955200,93,61.74,130.28,42.8,4.18
Les Cayes,20,HT,1536958389,92,18.19,-73.75,86.0,6.76
Half Moon Bay,75,US,1536954960,67,37.46,-122.43,75.02,6.93
Montrose,1,US,1536957300,2,38.48,-107.88,91.04,4.63
Tieli,80,CN,1536958390,86,46.98,128.05,62.87,12.46
Ahipara,64,NZ,1536958390,100,-35.17,173.16,54.86,1.5
Fortuna,1,US,1536957600,63,40.6,-124.16,66.2,13.87
Ndende,76,GA,1536958390,90,-2.4,11.36,73.13,2.84
Menongue,0,AO,1536958390,32,-14.66,17.68,65.12,4.07
High Level,20,CA,1536955200,45,58.52,-117.13,42.8,10.29
Mitu,48,CO,1536958391,88,1.2,-70.17,81.77,2.28
Port Hardy,75,CA,1536955200,87,50.7,-127.42,55.4,6.93
Vila Velha,0,BR,1536955200,69,-3.71,-38.6,80.6,14.99
San Buenaventura,75,MX,1536954000,65,27.06,-101.55,82.4,5.82
Jalu,0,LY,1536958391,39,29.03,21.55,75.29,6.31
Vung Tau,75,VN,1536957000,94,10.35,107.08,78.8,8.05
Batticaloa,8,LK,1536958391,100,7.71,81.69,74.84,3.74
Kurilsk,32,RU,1536958392,95,45.23,147.88,56.93,4.97
Sinnamary,56,GF,1536958318,91,5.38,-52.96,83.39,13.8
Sanctorum,75,MX,1536954540,46,19.1,-98.25,73.4,6.93
Quelimane,0,MZ,1536955200,94,-17.88,36.89,71.6,6.93
Ambilobe,0,MG,1536958392,63,-13.19,49.05,69.53,6.98
Burnie,12,AU,1536958392,85,-41.05,145.91,57.65,32.26
Beloha,56,MG,1536958393,92,-25.17,45.06,65.3,4.63
Geraldton,0,AU,1536957000,75,-28.77,114.6,46.4,11.41
Abu Zabad,8,SD,1536958394,74,12.35,29.25,76.46,8.21
Bichura,0,RU,1536958394,64,50.59,107.6,36.77,5.3
Hirara,48,JP,1536958394,98,24.8,125.28,83.84,26.11
Kashi,75,CN,1536955200,81,39.45,75.98,53.6,4.47
Konevo,0,RU,1536955200,93,56.45,43.2,46.4,5.19
Mangai,24,CD,1536958395,96,-4.07,19.59,71.42,1.39
Cap Malheureux,20,MU,1536955200,73,-19.98,57.61,71.6,9.17
Sembakung,56,ID,1536958395,100,3.82,117.25,72.77,2.17
Aklavik,75,CA,1536956160,86,68.22,-135.01,32.0,4.7
Pampa,1,US,1536956100,34,35.54,-100.96,91.04,16.11
Norman Wells,75,CA,1536955200,59,65.28,-126.83,37.4,10.29
Nuuk,40,GL,1536954600,80,64.17,-51.74,39.2,4.7
Salzhemmendorf,56,DE,1536956400,62,52.07,9.59,59.0,8.05
Tacuati,100,PY,1536958396,100,-23.46,-56.74,68.36,1.95
Boyolangu,12,ID,1536958396,91,-8.09,111.9,64.49,4.85
Tovuz,20,AZ,1536955200,64,41.0,45.62,73.4,6.93
Mogadouro,44,PT,1536958396,74,41.34,-6.71,64.4,2.28
Tommot,92,RU,1536958396,99,58.97,126.27,40.1,2.62
Iwaki,92,JP,1536958397,100,37.05,140.89,67.19,2.39
Leiyang,12,CN,1536958398,91,26.42,112.85,74.84,6.2
Big Spring,40,US,1536956100,53,32.25,-101.48,89.06,10.29
Port Blair,92,IN,1536958398,100,11.67,92.75,81.32,18.5
Shingu,92,JP,1536958398,100,33.72,135.99,75.56,7.2
Kumbo,80,CM,1536958398,96,6.21,10.69,62.6,2.84
Sidi Ali,76,DZ,1536958398,74,36.1,0.42,74.48,2.51
Usinsk,92,RU,1536958399,94,66.0,57.56,42.89,9.33
Kutoarjo,68,ID,1536958399,95,-7.72,109.9,72.14,6.64
Grootfontein,0,NA,1536958399,56,-19.56,18.1,56.3,1.72
George,0,ZA,1536955200,87,-33.96,22.46,53.6,4.7
Flagstaff,1,US,1536957300,13,35.2,-111.65,89.6,6.93
Dayong,75,CN,1536955200,65,25.02,118.29,82.4,15.66
Okato,76,NZ,1536958400,100,-39.19,173.88,53.69,1.95
Marawi,0,SD,1536958400,22,18.48,31.82,92.57,14.47
Ulaanbaatar,0,MN,1536957000,85,47.92,106.92,24.8,2.24
Huarmey,8,PE,1536958400,56,-10.07,-78.15,71.42,4.18
Bad Wildungen,40,DE,1536956400,71,51.12,9.13,55.4,2.24
Amapa,0,BR,1536958401,49,-1.83,-56.23,91.22,6.87
Khudat,0,AZ,1536958401,83,41.63,48.68,61.97,2.95
Taltal,32,CL,1536958401,65,-25.41,-70.49,60.17,2.73
Kurumkan,80,RU,1536958401,99,54.33,110.32,28.4,2.17
Farafangana,8,MG,1536958401,95,-22.82,47.83,74.12,19.17
Banjar,64,ID,1536958401,95,-7.37,108.54,64.22,2.28
Champerico,40,GT,1536955200,66,14.3,-91.92,87.8,9.17
Sudak,100,UA,1536958403,100,44.85,34.97,62.51,4.18
Gao,20,ML,1536958403,44,16.28,-0.04,85.19,5.53
Genhe,0,CN,1536958403,78,50.78,121.52,33.8,11.45
Karratha,0,AU,1536958272,29,-20.74,116.85,60.08,8.66
Livingston,75,US,1536956220,93,30.71,-94.93,84.02,3.74
Kutum,68,SD,1536958403,36,14.2,24.66,79.79,8.99
Skjervoy,75,NO,1536956400,87,70.03,20.97,48.2,12.75
Bugene,0,TZ,1536958404,89,-1.59,31.14,60.26,2.28
Valparaiso,90,CL,1536955200,100,-33.04,-71.63,53.6,6.93
Astana,0,KZ,1536955200,31,51.13,71.43,64.4,15.66
Saint Lawrence,20,MT,1536956100,78,36.06,14.2,75.2,8.05
Longyearbyen,75,SJ,1536956400,80,78.22,15.64,33.8,9.17
Sao Joao da Barra,0,BR,1536955200,64,-21.64,-41.05,75.2,27.51
Tromso,75,NO,1536956400,93,69.65,18.96,46.4,4.7
Zelenoborsk,48,RU,1536958405,85,61.47,64.05,49.91,11.01
Kalmunai,8,LK,1536958405,100,7.42,81.82,72.68,3.74
Mmabatho,12,ZA,1536955200,9,-25.85,25.61,59.0,3.36
Abashiri,0,JP,1536958405,78,44.01,144.25,49.82,2.62
Voyvozh,64,RU,1536958407,88,62.89,54.96,44.51,8.21
Ugoofaaru,68,MV,1536958407,100,5.67,73.0,83.03,11.45
Vredefort,12,ZA,1536958407,37,-27.0,27.37,45.68,2.73
Prince Rupert,90,CA,1536955200,66,54.32,-130.32,51.8,3.36
Alihe,20,CN,1536958407,74,50.57,123.73,42.44,12.68
Hervey Bay,0,AU,1536958407,100,-25.3,152.85,66.47,2.95
Khash,0,IR,1536958407,34,28.22,61.21,59.72,5.97
Drumheller,92,CA,1536958407,86,51.47,-112.7,39.92,8.43
Suchiapa,75,MX,1536954480,62,16.62,-93.08,87.8,2.84
Itanhem,0,BR,1536958408,51,-17.17,-40.33,74.57,10.33
Dali,92,CN,1536958408,100,25.6,100.24,60.53,1.72
Touros,0,BR,1536958408,74,-5.2,-35.46,78.62,19.39
Mackay,0,AU,1536955200,93,-21.15,149.2,57.2,4.7
Chernyy Yar,40,RU,1536955200,100,64.44,40.96,46.4,4.47
Brae,68,GB,1536956400,76,60.4,-1.35,51.8,11.41
Luderitz,0,NA,1536958409,84,-26.65,15.16,53.87,10.22
Sanand,40,IN,1536957000,83,22.99,72.38,80.6,3.36
Maningrida,0,AU,1536958409,86,-12.05,134.23,73.49,6.53
Nome,1,US,1536956100,90,30.04,-94.42,78.98,3.36
Talara,32,PE,1536958339,54,-4.58,-81.27,80.51,11.23
Bandarbeyla,32,SO,1536958409,83,9.49,50.81,74.3,27.0
Teyateyaneng,8,LS,1536958410,45,-29.15,27.74,33.98,2.62
Ahuimanu,75,US,1536955020,71,21.44,-157.84,84.92,11.41
Hassleholm,80,SE,1536956400,82,56.16,13.77,59.0,9.17
Ponta do Sol,40,PT,1536957000,73,32.67,-17.1,71.6,5.82
Vad,0,RU,1536958411,82,55.53,44.21,43.07,1.61
Oktyabrskiy,0,RU,1536955200,87,55.61,37.97,55.4,4.47
Mongu,0,ZM,1536958411,26,-15.27,23.14,66.29,8.66
Progreso,36,MX,1536958412,58,20.25,-99.19,72.86,4.97
Victoria,75,SC,1536955200,83,-4.62,55.45,78.8,9.17
Waitati,0,NZ,1536958412,71,-45.75,170.57,50.72,5.41
Linqing,56,CN,1536958412,86,36.85,115.71,68.63,2.51
Naze,12,JP,1536958412,100,28.37,129.48,81.59,9.78
Selcuk,0,TR,1536956400,60,37.95,27.37,71.6,6.93
Kloulklubed,56,PW,1536958412,97,7.04,134.26,83.66,7.87
Cumberland,20,CA,1536955200,58,45.52,-75.41,82.4,3.18
Hailar,0,CN,1536958413,72,49.2,119.7,35.87,14.25
Sisimiut,92,GL,1536958210,100,66.94,-53.67,34.34,2.62
Beroroha,0,MG,1536958413,74,-21.68,45.17,58.82,2.39
Gari,92,RU,1536958413,71,59.43,62.35,55.76,9.55
Ormond Beach,40,US,1536958020,47,29.29,-81.06,95.0,10.29
Xacmaz,0,AZ,1536958413,83,41.46,48.81,61.97,2.95
Anito,92,PH,1536958414,100,12.45,125.29,78.8,27.78
Pitimbu,20,BR,1536955200,65,-7.47,-34.81,78.8,17.22
Kamaishi,88,JP,1536958414,95,39.28,141.86,66.74,1.16
Huicungo,40,PE,1536955200,50,-7.28,-76.8,95.0,2.39
Paracuru,0,BR,1536955200,69,-3.41,-39.03,80.6,14.99
Hayden,1,US,1536957300,34,47.77,-116.79,68.0,2.95
Sorland,75,NO,1536954600,87,67.67,12.69,48.2,8.05
Lircay,88,PE,1536958416,58,-12.99,-74.72,44.33,0.83
Lufilufi,24,WS,1536958416,100,-13.87,-171.6,81.77,20.96
Port-Cartier,75,CA,1536955200,82,50.03,-66.88,57.2,9.17
Sioux Lookout,75,CA,1536955200,72,50.1,-91.92,62.6,3.36
Itoman,20,JP,1536955620,78,26.12,127.67,82.4,9.17
Ous,80,RU,1536958416,68,60.91,61.52,51.35,9.44
Russell,36,NZ,1536958416,86,-35.26,174.12,55.04,4.18
Tungor,80,RU,1536958417,100,53.39,142.95,51.53,4.63
Mogadishu,92,SO,1536958417,100,2.04,45.34,78.08,15.48
Balaipungut,92,ID,1536958417,99,1.11,101.31,71.51,2.51
Bad Liebenwerda,20,DE,1536956400,87,51.52,13.39,57.2,1.12
Mahajanga,0,MG,1536955200,88,-15.72,46.32,77.0,6.93
Tiksi,76,RU,1536958417,95,71.64,128.87,29.21,6.42
Duki,0,PK,1536958417,87,30.15,68.58,62.96,1.16
Arcata,90,US,1536957600,83,40.87,-124.08,66.2,8.05
Battle Creek,1,US,1536956160,44,42.32,-85.18,82.94,4.18
Teya,92,RU,1536958418,89,60.37,92.63,42.62,5.19
Ekibastuz,0,KZ,1536958419,39,51.72,75.32,62.24,14.03
Ambunti,88,PG,1536958419,100,-4.22,142.82,73.49,2.51
Novyy Urengoy,36,RU,1536958419,100,66.08,76.63,37.94,12.24
Sola,100,VU,1536958420,98,-13.88,167.55,79.61,12.57
Weligama,36,LK,1536958420,93,5.97,80.42,78.8,6.2
Moree,0,AU,1536958420,68,-29.46,149.84,60.08,13.91
Troina,0,IT,1536956400,73,37.79,14.6,75.2,3.36
Assomada,90,CV,1536955200,88,15.1,-23.68,78.8,11.41
Constitucion,90,MX,1536954240,50,23.99,-104.67,75.2,4.7
Koregaon,0,IN,1536958420,96,17.7,74.16,66.47,3.96
Mazatlan,40,MX,1536954000,70,23.22,-106.42,89.6,6.93
Newport,90,US,1536956100,87,41.49,-71.31,75.02,3.36
Moose Factory,90,CA,1536957660,83,51.26,-80.61,69.8,5.82
Ca Mau,88,VN,1536958421,100,9.18,105.15,73.4,13.69
Fort Nelson,75,CA,1536955200,36,58.81,-122.69,44.6,4.7
Playas,12,EC,1536958421,81,-2.64,-80.39,79.34,8.77
Arlit,24,NE,1536958422,25,18.74,7.39,90.59,15.37
Mairana,100,BO,1536958422,100,-18.12,-63.96,59.54,2.95
Killybegs,92,IE,1536958422,100,54.63,-8.45,51.53,6.76
Aitape,64,PG,1536958422,100,-3.15,142.36,76.91,2.28
Clamart,0,FR,1536957000,67,48.8,2.26,60.8,8.05
San Rafael,40,BO,1536955200,44,-12.93,-64.87,96.8,9.17
Kintampo,44,GH,1536958424,95,8.05,-1.73,73.49,8.66
Santa Fe,20,CU,1536954900,66,23.13,-82.26,87.8,9.17
Kalangala,48,UG,1536958424,100,-0.32,32.29,75.47,3.29
Herat,0,AF,1536954900,23,34.35,62.22,64.4,10.29
Wagar,48,SD,1536958424,68,16.15,36.2,76.37,2.17
Pohrebyshche,0,UA,1536958424,84,49.49,29.26,55.94,2.84
Santa Maria,40,CV,1536955200,83,16.6,-22.9,80.6,12.75
Kastella,0,GR,1536958425,94,36.61,23.04,72.59,3.62
Itaberai,44,BR,1536958425,37,-16.02,-49.81,83.48,8.77
Oakland,1,US,1536957300,41,37.8,-122.27,77.0,3.36
Port Augusta,0,AU,1536955200,61,-32.49,137.76,50.0,10.29
Wynyard,8,CA,1536958426,97,51.77,-104.18,50.45,4.41
Oneida,75,US,1536957300,51,41.07,-90.23,89.06,3.36
Vila Franca do Campo,40,PT,1536957000,73,37.72,-25.43,73.4,10.29
Zyryanka,88,RU,1536958426,97,65.73,150.89,36.14,6.87
Agadez,56,NE,1536958426,36,16.97,7.99,85.82,13.91
La Tuque,0,CA,1536958427,62,47.44,-72.79,76.1,5.19
Fernandopolis,76,BR,1536958220,60,-20.28,-50.25,78.71,7.87
Gladstone,0,AU,1536958427,97,-23.84,151.26,59.45,3.18
La Union,40,ES,1536957000,78,37.62,-0.88,78.8,10.29
Oroville,1,US,1536957300,31,39.51,-121.56,77.0,3.36
Rocha,32,UY,1536958427,75,-34.48,-54.34,64.67,10.45
Sechura,20,PE,1536958427,70,-5.56,-80.82,74.84,14.14
Grand Gaube,20,MU,1536955200,73,-20.01,57.66,71.6,9.17
Puerto Cabezas,75,NI,1536955200,79,14.04,-83.39,86.0,11.41
Rubizhne,88,UA,1536958429,68,49.02,38.37,62.42,2.95
Parkovyy,100,RU,1536958429,57,45.83,40.15,71.96,13.69
Acu,40,BR,1536955200,79,-3.35,-60.45,84.2,3.36
Meadow Lake,90,CA,1536955200,60,54.13,-108.44,39.2,2.24
Jacareacanga,75,BR,1536955200,94,-6.22,-57.76,78.8,4.7
Plainview,40,US,1536956100,46,34.18,-101.71,84.02,8.05
Guerrero,24,MX,1536958430,78,19.43,-97.69,65.84,4.29
Chancay,12,PE,1536958430,67,-11.56,-77.27,68.9,6.64
Luganville,92,VU,1536958430,100,-15.51,167.18,77.18,8.77
Baculin,80,PH,1536958430,84,7.45,126.58,81.14,15.82
Riyadh,0,SA,1536955200,11,24.63,46.72,89.6,2.24
Tarakan,88,ID,1536958431,100,3.3,117.63,76.46,6.64
Kamina,20,CD,1536958431,81,-8.74,25.0,69.44,2.51
Skibbereen,20,IE,1536957000,87,51.55,-9.27,53.6,9.17
Kaitangata,0,NZ,1536958431,80,-46.28,169.85,52.97,6.08
Xuddur,0,SO,1536958431,76,4.12,43.89,74.39,12.24
Astoria,1,US,1536954900,72,46.19,-123.83,62.96,10.29
Lucapa,12,AO,1536958431,78,-8.42,20.74,70.7,3.62
Dzilam Gonzalez,32,MX,1536958432,77,21.28,-88.93,89.15,5.08
Ishinomaki,75,JP,1536957000,94,38.42,141.3,69.8,2.24
Vytegra,88,RU,1536958433,100,61.01,36.45,53.69,11.23
Slave Lake,90,CA,1536955200,56,55.28,-114.77,41.0,5.82
Maturin,75,VE,1536955200,61,9.75,-63.18,82.4,3.74
Qaqortoq,75,GL,1536954600,70,60.72,-46.03,42.8,2.24
Linxia,92,CN,1536958433,99,35.6,103.21,37.49,1.16
Anadyr,40,RU,1536955200,93,64.73,177.51,51.8,29.08
Bushehr,0,IR,1536955200,74,28.97,50.84,87.8,9.33
Tingo Maria,20,PE,1536955200,36,-9.29,-76.01,78.8,1.61
Yulara,20,AU,1536955200,33,-25.24,130.99,62.6,18.34
Biasca,20,CH,1536956400,93,46.36,8.97,68.0,2.24
Pyapon,92,MM,1536958434,100,16.29,95.68,73.76,2.17
Temiscaming,20,CA,1536955200,65,46.72,-79.1,80.6,10.29
Samarai,92,PG,1536958435,100,-10.62,150.67,75.02,17.72
Iquitos,40,PE,1536955200,59,-3.75,-73.25,89.6,6.93
Akureyri,90,IS,1536955200,86,65.68,-18.09,41.0,8.05
Pemba,44,MZ,1536958435,100,-12.97,40.52,77.27,7.43
Kieta,36,PG,1536958435,100,-6.22,155.63,79.52,4.41
Kuito,68,AO,1536958436,37,-12.38,16.94,66.56,5.41
South Sioux City,20,US,1536957300,58,42.47,-96.41,89.6,13.87
Nanakuli,20,US,1536955020,69,21.39,-158.15,84.92,16.11
Stornoway,88,GB,1536956400,93,58.21,-6.39,42.8,4.7
Doka,8,SD,1536958436,75,13.52,35.76,77.63,10.0
Ternate,64,ID,1536958437,100,0.8,127.4,80.69,9.66
Ilhabela,88,BR,1536958437,100,-23.78,-45.36,67.91,9.22
Abu Dhabi,0,AE,1536955200,75,24.47,54.37,93.2,2.24
Talnakh,48,RU,1536958438,87,69.49,88.39,34.79,9.33
Morehead,56,PG,1536958438,80,-8.71,141.64,77.54,14.47
Olkhovatka,36,RU,1536958438,53,50.28,39.3,66.38,8.66
Szydlowiec,92,PL,1536958438,88,51.23,20.86,60.71,4.52
Minot,20,US,1536954960,48,48.23,-101.3,64.22,9.17
Namwala,0,ZM,1536958438,38,-15.75,26.45,67.73,9.89
Hamilton,12,US,1536958439,33,46.25,-114.15,60.26,2.62
North Platte,1,US,1536954780,45,41.12,-100.77,89.06,9.17
Padang,92,ID,1536958439,100,-0.92,100.36,76.01,6.64
Danville,40,US,1536957300,58,37.65,-84.77,89.96,6.93
Horsham,36,AU,1536958439,72,-36.71,142.2,52.07,26.89
Quang Ngai,0,VN,1536958440,94,15.12,108.8,68.09,2.17
Camacha,40,PT,1536957000,73,33.08,-16.33,71.6,10.29
Raver,76,IN,1536958440,89,21.25,76.04,73.49,7.09
Marau,68,BR,1536958440,98,-28.45,-52.2,62.87,1.28
Chara,92,RU,1536958440,95,56.9,118.26,29.66,2.28
Micheweni,36,TZ,1536958440,100,-4.97,39.83,77.9,11.34
Contai,20,IN,1536958344,100,21.78,87.75,80.6,3.4
Puerto Varas,75,CL,1536955200,58,-41.32,-72.98,53.6,4.7
Manali,12,IN,1536958441,82,32.25,77.19,18.14,1.39
Igarka,36,RU,1536958442,66,67.47,86.57,39.74,21.3
Smithers,90,CA,1536955200,42,54.78,-127.17,46.4,8.05
Wilkie,75,CA,1536955200,60,52.41,-108.71,42.8,4.7
Garmsar,0,IR,1536958442,55,35.22,52.34,55.4,2.51
Kameoka,75,JP,1536955200,88,35.01,135.51,71.6,2.24
Chaoyang,88,CN,1536958443,72,41.58,120.44,66.29,12.01
Mtambile,12,TZ,1536958443,99,-5.38,39.7,77.63,10.22
Tiarei,20,PF,1536957000,58,-17.53,-149.33,86.0,5.82
Khasan,88,RU,1536958443,100,42.43,130.64,64.76,5.97
Yanam,12,IN,1536958443,90,16.73,82.22,79.34,6.98
Homer,1,US,1536954780,69,59.64,-151.54,59.0,3.36
Bundaberg,0,AU,1536958444,99,-24.87,152.35,68.09,5.41
Riberalta,75,BO,1536955200,56,-11.0,-66.08,93.2,2.62
Mbigou,12,GA,1536958444,96,-1.9,11.91,66.56,2.17
Tabas,0,IR,1536958444,40,33.6,56.92,60.44,2.95
Ocos,40,GT,1536955200,66,14.51,-92.19,87.8,9.17
Fuerte Olimpo,88,PY,1536958444,100,-21.04,-57.87,70.34,4.74
Seoul,90,KR,1536957000,73,37.57,126.98,71.6,6.93
Merauke,68,ID,1536958445,88,-8.49,140.4,77.54,13.47
Porto Velho,40,BR,1536955200,49,-8.75,-63.87,91.4,5.82
Colac,92,AU,1536958445,86,-38.34,143.59,52.79,12.57
Ossora,44,RU,1536958446,100,59.24,163.07,44.6,15.03
Tucumcari,1,US,1536954780,19,35.17,-103.73,95.0,23.04
Muros,0,ES,1536957000,82,42.77,-9.06,64.4,8.05
Barranca,24,PE,1536958446,99,-10.75,-77.76,62.33,10.22
Belmonte,76,BR,1536958447,89,-26.84,-53.58,67.19,3.18
Ushtobe,0,KZ,1536958447,73,45.25,77.98,39.47,1.83
Jablah,40,SY,1536955200,69,35.36,35.93,77.0,6.93
Palmas Bellas,40,PA,1536955200,70,9.23,-80.09,84.2,8.05
Gorin,56,RU,1536958447,100,51.2,136.66,48.47,2.39
Mirabad,0,AF,1536958447,20,30.44,61.84,78.98,21.63
Pucara,36,PE,1536958448,74,-12.76,-74.05,66.74,1.39
Sangar,48,RU,1536958448,72,63.92,127.47,32.27,2.73
Prieska,44,ZA,1536958448,36,-29.67,22.74,46.49,2.62
Sarmizegetusa,0,RO,1536958448,86,45.52,22.78,53.06,2.62
Pahrump,1,US,1536955080,3,36.21,-115.98,96.08,5.53
Bilma,8,NE,1536958448,32,18.69,12.92,81.59,5.19
Cantaura,56,VE,1536958449,72,9.31,-64.36,83.84,10.56
Salym,88,RU,1536958449,96,60.06,71.48,50.09,7.76
Kuopio,0,FI,1536956400,93,62.89,27.68,51.8,11.41
Abyek,0,IR,1536955200,30,36.04,50.53,71.6,4.7
Rairangpur,20,IN,1536958450,92,22.27,86.18,74.3,2.62
Tres Arroyos,0,AR,1536958450,40,-38.38,-60.28,71.06,10.0
Jinchang,56,CN,1536958450,98,38.52,102.19,38.57,2.73
Trelew,0,AR,1536958451,20,-43.25,-65.31,77.81,12.8
Guane,56,CU,1536958451,91,22.2,-84.09,82.49,1.72
Ardakan,0,IR,1536955200,21,32.31,54.02,78.8,9.17
Asyut,0,EG,1536955200,65,27.18,31.19,78.8,13.87
Meulaboh,24,ID,1536958451,100,4.14,96.13,77.27,3.62
Uyuni,0,BO,1536958452,12,-20.46,-66.82,55.58,19.28
Bertinoro,0,IT,1536956400,73,44.15,12.13,73.4,3.36
Manggar,8,ID,1536958452,94,-2.88,108.27,75.56,8.66
Bonito,32,BR,1536958452,62,-1.36,-47.3,84.29,14.81
Sidrolandia,75,BR,1536955200,88,-20.93,-54.96,66.2,12.75
Cockburn Town,56,BS,1536958452,89,24.03,-74.52,85.82,10.78
Nanlong,88,CN,1536958453,97,31.35,106.05,65.12,2.95
Moundou,8,TD,1536958453,92,8.57,16.07,71.87,2.73
Dharchula,12,IN,1536958453,88,29.85,80.53,48.92,1.72
Santa Maria do Suacui,24,BR,1536958453,51,-18.19,-42.41,74.93,6.87
Groton,90,US,1536957300,73,41.35,-72.08,75.92,5.86
Aswan,0,EG,1536955200,17,24.09,32.9,89.6,8.05
Quedlinburg,0,DE,1536958454,86,51.79,11.15,54.14,5.53
Biak,24,ID,1536958455,100,-0.91,122.88,75.02,6.98
Piney Green,100,US,1536956400,97,35.09,-78.48,75.92,32.21
Valdivia,90,CL,1536955200,66,-39.81,-73.25,55.4,5.82
Arriaga,80,MX,1536958455,81,16.24,-93.9,84.74,2.73
Nueva Imperial,0,CL,1536958455,83,-38.75,-72.95,53.69,9.33
Mandalgovi,0,MN,1536958455,73,45.76,106.27,25.16,3.96
Caxito,40,AO,1536955200,88,-8.58,13.66,71.6,5.82
Hushitai,0,CN,1536955200,93,41.93,123.51,62.6,4.47
Awjilah,0,LY,1536958456,39,29.14,21.3,75.2,6.76
Santa Rosa,8,BO,1536958456,49,-20.7,-64.83,60.71,0.72
Aguilas,24,ES,1536958456,100,37.41,-1.58,70.25,5.75
Bagdarin,0,RU,1536958456,75,54.44,113.59,26.42,7.2
Malartic,75,CA,1536955200,57,48.14,-78.13,78.8,6.93
Adrar,68,DZ,1536955200,19,27.87,-0.29,95.0,8.05
Murmashi,75,RU,1536955200,93,68.82,32.82,44.6,4.47
Garowe,92,SO,1536958457,37,8.41,48.48,86.54,8.88
Nador,75,MA,1536957000,88,35.17,-2.93,71.6,4.7
Guerrero Negro,0,MX,1536958457,57,27.97,-114.04,85.1,9.78
Uribia,20,CO,1536958457,96,11.71,-72.27,82.13,5.53
Kiama,0,AU,1536955200,75,-34.67,150.86,44.6,1.12
Mitsamiouli,20,KM,1536955200,83,-11.38,43.28,73.4,3.36
Bankura,76,IN,1536958459,91,23.24,87.07,77.99,5.53
Taihe,8,CN,1536958459,85,26.8,114.92,75.65,4.85
Saint-Louis,0,SN,1536955200,94,16.03,-16.5,77.0,4.7
Burgeo,0,CA,1536958460,100,47.61,-57.61,58.46,4.18
Dukat,88,RU,1536958460,82,62.55,155.55,28.04,10.67
Concepcion del Uruguay,88,AR,1536958292,71,-32.48,-58.24,67.46,5.75
Stykkisholmur,0,IS,1536958460,100,65.08,-22.73,43.16,13.69
Honiara,20,SB,1536955200,100,-9.43,159.96,75.2,3.36
Harper,88,LR,1536958460,100,4.38,-7.71,74.66,11.45
Obo,24,CF,1536958460,76,5.39,26.49,73.94,6.87
Zhezkazgan,0,KZ,1536955200,37,47.8,67.71,53.6,6.71
Mamlyutka,0,KZ,1536958461,57,54.94,68.54,56.3,13.02
Palamos,75,ES,1536957000,83,41.85,3.13,71.6,1.12
Sursk,20,RU,1536958461,85,53.07,45.69,59.72,7.65
Mercedes,40,US,1536956400,85,26.15,-97.91,84.02,4.7
Severodvinsk,40,RU,1536955200,100,64.56,39.82,46.4,4.47
Bacolod,88,PH,1536958462,96,10.68,122.95,75.2,19.84
Banda Aceh,44,ID,1536958462,99,5.56,95.32,74.21,2.95
Antofagasta,40,CL,1536955200,63,-23.65,-70.4,60.8,13.87
Cabra,92,PH,1536958463,100,13.89,120.05,79.34,29.8
Ferrol,20,ES,1536957000,88,43.48,-8.23,64.4,5.82
Demba,12,CD,1536958463,96,-5.47,22.27,70.97,1.28
Kasongo-Lunda,20,CD,1536958463,92,-6.48,16.82,71.15,1.16
Ruteng,0,ID,1536958464,94,-8.61,120.46,64.85,3.06
Guabito,56,PA,1536958464,93,9.5,-82.61,79.61,2.39
Okha,80,RU,1536958464,100,53.59,142.95,51.53,4.63
Callaguip,100,PH,1536958464,100,18.07,120.49,76.55,26.11
Pekan,75,MY,1536955200,94,3.49,103.39,77.0,3.51
Petropavlovka,8,RU,1536958464,66,50.61,105.32,31.82,6.42
Ipixuna,40,BR,1536955200,55,-1.76,-48.8,87.8,11.41
Vallenar,0,CL,1536958465,62,-28.58,-70.76,61.34,2.95
Bulaevo,12,KZ,1536958465,56,54.91,70.44,57.2,13.02
Husavik,90,IS,1536955200,86,66.04,-17.34,41.0,8.05
Lewisporte,75,CA,1536955200,44,49.25,-55.06,60.8,3.36
Bardiyah,0,LY,1536958465,88,31.76,25.09,78.26,9.66
Roma,36,AU,1536958465,71,-26.57,148.79,60.17,14.25
Matagami,0,CA,1536955200,50,49.76,-77.63,78.8,10.0
Mendoza,0,AR,1536955200,44,-32.89,-68.84,77.0,10.29
Bafoulabe,12,ML,1536958466,80,13.81,-10.83,77.99,3.62
Rumoi,32,JP,1536958466,86,43.93,141.67,58.19,3.51
Krasnyy Chikoy,0,RU,1536958466,61,50.36,108.75,39.2,5.64
Dezhou,68,CN,1536958246,82,37.45,116.31,66.47,1.72
Havoysund,75,NO,1536956400,93,71.0,24.66,48.2,3.36
Tikaitnagar,64,IN,1536958467,95,26.95,81.58,74.93,3.18
La Macarena,80,CO,1536958467,88,2.18,-73.79,74.66,2.17
Hami,0,CN,1536958468,60,42.84,93.51,36.05,4.52
Midland,90,CA,1536955200,61,44.75,-79.89,86.0,8.05
Tabou,88,CI,1536958468,100,4.42,-7.36,75.29,11.01
Haines Junction,0,CA,1536958468,63,60.75,-137.51,43.7,3.18
Tuburan,90,PH,1536955200,83,10.73,123.82,80.6,17.22
Nizwa,0,OM,1536958468,45,22.93,57.53,73.76,2.73
Bukama,56,CD,1536958469,78,-9.2,25.85,73.13,1.95
Yerbogachen,0,RU,1536958469,83,61.28,108.01,28.49,2.62
Gornoye Loo,90,RU,1536955200,68,43.72,39.61,71.6,4.47
Port-Gentil,40,GA,1536955200,88,-0.72,8.78,77.0,12.75
Maun,0,BW,1536955200,23,-19.99,23.42,60.8,4.7
Lazaro Cardenas,40,MX,1536954300,37,28.39,-105.62,82.4,3.36
Nikolayevsk-na-amure,92,RU,1536958470,100,53.14,140.72,50.99,4.41
Angoche,0,MZ,1536958470,100,-16.23,39.91,76.46,13.69
Ixtapa,90,MX,1536954420,79,20.71,-105.21,86.0,9.17
Mayor Pablo Lagerenza,92,PY,1536958470,85,-19.93,-60.77,71.87,8.99
Babu,48,CN,1536958470,98,23.23,104.89,62.42,2.84
Along,64,IN,1536958470,89,28.17,94.8,65.03,1.95
Dinguiraye,64,GN,1536958470,97,11.29,-10.71,68.09,1.39
Marshalltown,40,US,1536957300,52,42.04,-92.91,87.98,5.82
Miguel Calmon,36,BR,1536958472,57,-11.43,-40.6,73.85,11.56
Sychevka,0,RU,1536958472,94,55.83,34.27,49.46,2.84
Jambi,8,ID,1536958472,67,-1.6,103.62,74.57,6.64
Namatanai,68,PG,1536958472,100,-3.66,152.44,80.24,7.2
Tiznit,44,MA,1536958472,90,29.7,-9.73,69.44,6.42
Dwarka,0,IN,1536957000,83,28.58,77.04,82.4,5.82
North Fort Myers,1,US,1536957060,59,26.67,-81.88,89.96,11.41
General Pico,0,AR,1536958473,43,-35.66,-63.75,69.89,10.78
Khanpur,0,PK,1536958473,60,28.65,70.66,83.21,10.78
Canton,40,US,1536956160,58,40.8,-81.38,87.98,3.36
Sabratah,0,LY,1536958473,98,32.79,12.49,81.77,8.43
Norilsk,48,RU,1536958474,87,69.35,88.2,34.79,9.33
Urbano Santos,12,BR,1536958474,44,-3.2,-43.39,88.43,13.35
Varniai,0,LT,1536956400,93,55.74,22.37,46.4,2.24
Lokosovo,92,RU,1536958474,95,61.13,74.84,46.94,11.56
Tocopilla,44,CL,1536958474,91,-22.09,-70.2,60.8,5.64
Sawtell,0,AU,1536957000,82,-30.38,153.1,62.6,6.93
Svetlogorsk,20,RU,1536955200,82,53.14,59.15,55.4,4.47
Lanzhou,75,CN,1536955200,100,36.06,103.82,42.8,6.71
Catalina,8,CA,1536958475,100,48.52,-53.08,51.62,5.19
Tutoia,0,BR,1536955200,51,-2.76,-42.27,84.2,23.04
Karpogory,88,RU,1536958475,96,64.0,44.44,48.92,4.18
Zaliztsi,36,UA,1536958475,77,49.8,25.38,65.66,1.5
Redlands,5,US,1536955080,9,34.06,-117.19,104.0,8.05
Nsanje,0,MW,1536958477,59,-16.92,35.26,79.25,9.78
Shakawe,0,BW,1536958477,20,-18.36,21.84,62.87,5.86
Cambridge,75,US,1536957300,51,41.3,-90.19,89.06,3.36
Erzin,0,RU,1536958477,67,50.26,95.16,23.45,2.73
Zafra,76,ES,1536958477,92,38.43,-6.42,63.41,4.18
Starogard Gdanski,0,PL,1536957000,87,53.96,18.53,51.8,3.36
Comodoro Rivadavia,0,AR,1536955200,53,-45.87,-67.48,68.0,16.11
Flinders,0,AU,1536955200,75,-34.58,150.85,44.6,1.12
Dauphin,75,CA,1536955200,59,51.15,-100.04,62.6,5.82
Tyrma,92,RU,1536958478,88,50.04,132.17,46.22,4.29
Vuktyl,92,RU,1536958478,86,63.86,57.31,44.42,7.65
Khorol,20,RU,1536958478,97,44.43,132.07,60.8,8.43
Kompaniyivka,64,UA,1536958478,62,48.25,32.21,63.95,5.64
Maceio,20,BR,1536955200,69,-9.67,-35.74,75.2,12.75
Pozo Colorado,48,PY,1536958479,70,-23.49,-58.8,75.65,6.64
High Prairie,8,CA,1536958479,53,55.43,-116.48,42.17,3.85
Barybino,0,RU,1536955200,87,55.27,37.89,50.0,4.47
Armizonskoye,12,RU,1536958479,61,55.95,67.67,55.67,15.03
Marondera,0,ZW,1536958479,28,-18.19,31.55,58.64,4.74
Baruun-Urt,0,MN,1536958479,73,46.68,113.28,28.04,8.66
Bokajan,88,IN,1536958480,98,26.02,93.78,73.76,0.83
New Albany,1,US,1536958500,52,38.29,-85.82,91.04,4.7
Muriti,20,TZ,1536955200,88,-1.99,32.93,68.0,5.3
Gustrow,75,DE,1536956400,76,53.8,12.17,55.4,1.12
Kaputa,24,ZM,1536958481,83,-8.47,29.66,64.76,2.17
Jaguaruana,8,BR,1536958481,42,-4.83,-37.78,86.99,13.69
Pijijiapan,48,MX,1536958481,98,15.69,-93.21,76.1,3.06
Mangrol,0,IN,1536958482,90,25.33,76.51,70.07,4.41
Auki,76,SB,1536958482,100,-8.77,160.7,79.43,2.62
Hargeysa,32,SO,1536958243,82,9.56,44.06,64.67,5.64
Srednekolymsk,92,RU,1536958482,100,67.46,153.71,36.41,6.42
Baykit,88,RU,1536958482,80,61.68,96.39,32.0,9.89
Marshfield,1,US,1536957300,83,42.09,-70.71,78.98,6.93
Sterlibashevo,88,RU,1536958482,89,53.44,55.26,54.59,3.18
Shenjiamen,0,CN,1536958482,93,29.96,122.3,78.62,5.19
Bako,56,ET,1536958483,95,5.83,36.63,61.52,2.17
Sarakhs,0,IR,1536955200,29,36.54,61.16,66.2,6.93
Lere,76,NG,1536958483,95,10.39,8.57,67.1,2.39
Imeni Poliny Osipenko,36,RU,1536958483,94,52.42,136.49,41.54,2.62
Madison,40,US,1536957300,48,43.07,-89.38,86.0,6.93
Jizan,0,SA,1536955200,70,16.89,42.56,91.4,3.36
Kulhudhuffushi,64,MV,1536958484,100,6.62,73.07,83.03,9.33
Khandyga,8,RU,1536958484,86,62.65,135.58,32.09,2.39
Westport,88,IE,1536958484,100,53.8,-9.52,53.87,10.45
Puksoozero,36,RU,1536958484,91,62.59,40.61,47.3,7.54
Tongren,64,CN,1536958484,94,27.72,109.18,67.82,2.95
Washington DC.,75,US,1536956880,88,38.9,-77.04,80.06,10.33
Leua,8,AO,1536958486,61,-11.65,20.45,71.69,2.84
Ewa Beach,40,US,1536955020,59,21.32,-158.01,84.92,12.75
Buala,48,SB,1536958486,90,-8.15,159.59,81.86,4.63
Skhisma,40,GR,1536956400,94,35.27,25.72,69.8,5.82
Kajaani,0,FI,1536956400,93,64.22,27.73,48.2,3.36
Kirakira,32,SB,1536958486,100,-10.46,161.92,80.42,9.33
Pospelikha,88,RU,1536958486,52,51.99,81.83,58.91,15.14
Martapura,0,ID,1536955200,88,-3.41,114.85,71.6,4.7
Tiruchchendur,8,IN,1536958487,84,8.48,78.12,78.35,6.31
Warrington,90,US,1536956100,88,40.25,-75.13,75.92,6.93
Mapiripan,80,CO,1536958487,87,2.89,-72.13,80.06,5.75
Caravelas,0,BR,1536958487,100,-17.73,-39.27,74.3,13.8
Houma,92,CN,1536958487,100,35.63,111.36,61.43,1.72
Sanming,0,CN,1536958487,81,26.24,117.6,72.32,3.4
Okahandja,0,NA,1536958488,45,-21.98,16.91,51.71,3.18
Tonala,75,MX,1536954120,50,20.62,-103.23,78.8,8.05
Pangnirtung,20,CA,1536955200,55,66.15,-65.72,35.6,11.41
Damaturu,12,NG,1536958488,89,11.75,11.96,73.85,3.06
Talcahuano,0,CL,1536955200,59,-36.72,-73.12,60.8,5.82
Khorixas,0,NA,1536958489,83,-20.37,14.96,58.28,2.73
Byron Bay,0,AU,1536957000,77,-28.65,153.62,64.4,9.17
Coos Bay,90,US,1536955560,87,43.37,-124.22,57.2,10.29
Malinyi,12,TZ,1536958490,56,-8.94,36.14,72.86,4.52
Anshun,80,CN,1536958490,99,26.25,105.93,65.12,3.51
Ust-Nera,0,RU,1536958490,89,64.57,143.24,18.14,1.72
Talavera,32,PE,1536958490,35,-13.65,-73.43,60.08,2.39
Beyneu,0,KZ,1536958490,27,45.32,55.19,59.9,10.11
Kosonsoy,88,UZ,1536955200,55,41.25,71.55,60.8,6.93
Tabuk,0,SA,1536955200,25,28.38,36.58,86.0,8.05
Talavera de la Reina,56,ES,1536958491,77,39.96,-4.83,65.39,2.39
Petropavlovsk-Kamchatskiy,24,RU,1536955200,93,53.05,158.65,44.6,4.47
Yelizovo,44,RU,1536955200,93,53.19,158.38,44.6,4.47
Coahuayana,0,MX,1536958491,84,18.62,-100.35,77.45,1.95
Qinzhou,0,CN,1536958491,94,21.96,108.62,74.57,3.96
Marovoay,0,MG,1536955200,88,-16.11,46.64,77.0,6.93
Pachelma,44,RU,1536958492,73,53.33,43.32,55.4,5.64
Kattivakkam,75,IN,1536957000,79,13.22,80.32,84.2,6.93
Carutapera,0,BR,1536958492,72,-1.2,-46.02,82.58,14.36
Kostomuksha,80,RU,1536958492,92,64.59,30.6,50.0,7.31
Surt,12,LY,1536958275,95,31.21,16.59,78.44,10.67
Shitanjing,92,CN,1536958493,78,39.23,106.34,45.32,2.62
Imbituba,75,BR,1536955200,100,-28.24,-48.67,62.6,13.87
Aksu,0,KZ,1536955200,36,52.04,76.93,64.4,11.18
Whitianga,0,NZ,1536958494,100,-36.83,175.7,56.84,5.41
Pathein,92,MM,1536958494,100,16.78,94.73,73.04,3.62
Suleja,20,NG,1536955200,73,9.18,7.18,77.0,3.36
Naryan-Mar,92,RU,1536958494,97,67.67,53.09,43.43,4.97
Kamarion,20,GR,1536956400,73,36.8,25.82,71.6,6.93
Newtownards,92,GB,1536956400,81,54.59,-5.69,53.6,3.36
Shubarkuduk,0,KZ,1536958495,65,49.15,56.49,49.64,2.95
Phalaborwa,0,ZA,1536955200,36,-23.95,31.14,77.0,3.36
Zvishavane,0,ZW,1536958495,32,-20.32,30.05,55.22,3.96
Inirida,20,CO,1536958495,71,3.87,-67.92,86.54,2.17
